rack_id,sample_count,failed_count,failure_rate,expected_failed_at_global_rate,lift_vs_global
8544.0,120,63,0.525,0.5877804871831906,107.1828707718994
11248.0,132,65,0.49242424242424243,0.6465585359015098,100.53227417277722
28062.0,108,46,0.42592592592592593,0.5290024384648716,86.95612090841927
9289.0,121,33,0.2727272727272727,0.5926786579097173,55.67941338799968
10937.0,138,36,0.2608695652173913,0.6759475602606693,53.25856932765188
27387.0,139,36,0.2589928057553957,0.6808457309871959,52.8754141526328
7144.0,261,62,0.23754789272030652,1.2784225596234398,48.49726683348121
20661.0,264,48,0.18181818181818182,1.2931170718030196,37.119608925333125
2216.0,108,16,0.14814814814814814,0.5290024384648716,30.245607272493658
24850.0,144,17,0.11805555555555555,0.7053365846198288,24.10196829526838
1822.0,288,33,0.11458333333333333,1.4106731692396577,23.39308687481931
26040.0,143,16,0.11188811188811189,0.7004384138933023,22.84283626174346
10596.0,120,12,0.1,0.5877804871831906,20.41578490893322
9433.0,276,26,0.09420289855072464,1.3518951205213385,19.232261146096512
16449.0,120,10,0.08333333333333333,0.5877804871831906,17.013154090777682
5726.0,144,11,0.0763888888888889,0.7053365846198288,15.595391249879544
3557.0,108,8,0.07407407407407407,0.5290024384648716,15.122803636246829
24709.0,155,11,0.07096774193548387,0.7592164626116213,14.488621548275187
22063.0,132,9,0.06818181818181818,0.6465585359015098,13.91985334699992
19317.0,120,8,0.06666666666666667,0.5877804871831906,13.610523272622146
1917.0,132,8,0.06060606060606061,0.6465585359015098,12.373202975111042
631.0,192,11,0.057291666666666664,0.9404487794931051,11.696543437409655
14065.0,179,10,0.055865921787709494,0.8767725600482594,11.40546642957163
26777.0,204,11,0.05392156862745098,0.9992268282114242,11.008511470503207
2791.0,168,9,0.05357142857142857,0.822892682056467,10.937027629785652
10952.0,168,9,0.05357142857142857,0.822892682056467,10.937027629785652
8414.0,132,7,0.05303030303030303,0.6465585359015098,10.826552603222162
3490.0,192,10,0.052083333333333336,0.9404487794931051,10.633221306736052
18356.0,167,8,0.04790419161676647,0.8179945113299404,9.78001672284226
16184.0,126,6,0.047619047619047616,0.6171695115423502,9.721802337587247
8587.0,202,9,0.04455445544554455,0.989430486758371,9.09614179110886
20379.0,275,12,0.04363636363636364,1.346996949794812,8.90870614207995
7831.0,262,11,0.04198473282442748,1.2833207303499663,8.571512748025397
20705.0,180,7,0.03888888888888889,0.8816707307747861,7.939471909029585
23172.0,286,11,0.038461538461538464,1.4008768277866046,7.852224964974315
19282.0,132,5,0.03787878787878788,0.6465585359015098,7.733251859444401
22156.0,132,5,0.03787878787878788,0.6465585359015098,7.733251859444401
25420.0,132,5,0.03787878787878788,0.6465585359015098,7.733251859444401
17943.0,216,8,0.037037037037037035,1.0580048769297432,7.561401818123414
10388.0,108,4,0.037037037037037035,0.5290024384648716,7.561401818123414
28263.0,108,4,0.037037037037037035,0.5290024384648716,7.561401818123414
26543.0,288,10,0.034722222222222224,1.4106731692396577,7.088814204490701
27405.0,144,5,0.034722222222222224,0.7053365846198288,7.088814204490701
10319.0,180,6,0.03333333333333333,0.8816707307747861,6.805261636311073
13530.0,123,4,0.032520325203252036,0.6024749993627705,6.639279645181535
18943.0,132,4,0.030303030303030304,0.6465585359015098,6.186601487555521
9054.0,168,5,0.02976190476190476,0.822892682056467,6.076126460992029
20197.0,168,5,0.02976190476190476,0.822892682056467,6.076126460992029
5408.0,143,4,0.027972027972027972,0.7004384138933023,5.710709065435865
4077.0,215,6,0.027906976744186046,1.0531067062032167,5.697428346679038
21740.0,180,5,0.027777777777777776,0.8816707307747861,5.671051363592561
7385.0,108,3,0.027777777777777776,0.5290024384648716,5.671051363592561
9572.0,156,4,0.02564102564102564,0.7641146333381479,5.2348166433162096
18870.0,119,3,0.025210084033613446,0.5828823164566641,5.146836531663837
9984.0,120,3,0.025,0.5877804871831906,5.103946227233305
2319.0,174,4,0.022988505747126436,0.8522817064156265,4.693283887111085
4838.0,179,4,0.0223463687150838,0.8767725600482594,4.5621865718286525
21004.0,180,4,0.022222222222222223,0.8816707307747861,4.536841090874049
11916.0,135,3,0.022222222222222223,0.6612530480810895,4.536841090874049
12301.0,107,2,0.018691588785046728,0.5241042677383451,3.816034562417424
3910.0,108,2,0.018518518518518517,0.5290024384648716,3.780700909061707
18171.0,108,2,0.018518518518518517,0.5290024384648716,3.780700909061707
11146.0,178,3,0.016853932584269662,0.8718743893217329,3.4408626251011043
21364.0,180,3,0.016666666666666666,0.8816707307747861,3.4026308181555365
17333.0,120,2,0.016666666666666666,0.5877804871831906,3.4026308181555365
19017.0,120,2,0.016666666666666666,0.5877804871831906,3.4026308181555365
20260.0,120,2,0.016666666666666666,0.5877804871831906,3.4026308181555365
16584.0,185,3,0.016216216216216217,0.906161584407419,3.310667823070252
22814.0,251,4,0.01593625498007968,1.229440852358174,3.253511539272226
19939.0,129,2,0.015503875968992248,0.63186402372193,3.1652379703772433
19155.0,131,2,0.015267175572519083,0.6416603651749831,3.1169137265546896
4894.0,132,2,0.015151515151515152,0.6465585359015098,3.0933007437777604
12491.0,133,2,0.015037593984962405,0.6514567066280363,3.0700428434486042
20380.0,204,3,0.014705882352941176,0.9992268282114242,3.002321310137238
12660.0,276,4,0.014492753623188406,1.3518951205213385,2.958809407091771
20672.0,276,4,0.014492753623188406,1.3518951205213385,2.958809407091771
13532.0,144,2,0.013888888888888888,0.7053365846198288,2.8355256817962804
13770.0,144,2,0.013888888888888888,0.7053365846198288,2.8355256817962804
16319.0,144,2,0.013888888888888888,0.7053365846198288,2.8355256817962804
16240.0,154,2,0.012987012987012988,0.7543182918850947,2.651400637523795
147.0,156,2,0.01282051282051282,0.7641146333381479,2.6174083216581048
8274.0,156,2,0.01282051282051282,0.7641146333381479,2.6174083216581048
19386.0,175,2,0.011428571428571429,0.8571798771421532,2.3332325610209392
9256.0,264,3,0.011363636363636364,1.2931170718030196,2.3199755578333203
23048.0,264,3,0.011363636363636364,1.2931170718030196,2.3199755578333203
19130.0,176,2,0.011363636363636364,0.8620780478686797,2.3199755578333203
6612.0,180,2,0.011111111111111112,0.8816707307747861,2.2684205454370243
23529.0,181,2,0.011049723756906077,0.8865689015013126,2.2558878352412397
12375.0,274,3,0.010948905109489052,1.3420987790682855,2.235304917036484
20817.0,183,2,0.01092896174863388,0.8963652429543658,2.2312333233806796
6208.0,190,2,0.010526315789473684,0.9306524380400519,2.149029990414023
9159.0,288,3,0.010416666666666666,1.4106731692396577,2.1266442613472103
2710.0,192,2,0.010416666666666666,0.9404487794931051,2.1266442613472103
10013.0,101,1,0.009900990099009901,0.4947152433791855,2.0213648424686355
168.0,102,1,0.00980392156862745,0.4996134141057121,2.001547540091492
1248.0,104,1,0.009615384615384616,0.5094097555587653,1.9630562412435788
23060.0,105,1,0.009523809523809525,0.5143079262852919,1.9443604675174495
23147.0,106,1,0.009433962264150943,0.5192060970118184,1.9260174442389828
548.0,107,1,0.009345794392523364,0.5241042677383451,1.908017281208712
16047.0,107,1,0.009345794392523364,0.5241042677383451,1.908017281208712
8089.0,108,1,0.009259259259259259,0.5290024384648716,1.8903504545308536
20400.0,108,1,0.009259259259259259,0.5290024384648716,1.8903504545308536
21023.0,108,1,0.009259259259259259,0.5290024384648716,1.8903504545308536
22085.0,108,1,0.009259259259259259,0.5290024384648716,1.8903504545308536
25150.0,108,1,0.009259259259259259,0.5290024384648716,1.8903504545308536
3491.0,117,1,0.008547008547008548,0.5730859750036109,1.7449388811054034
24601.0,118,1,0.00847457627118644,0.5779841457301376,1.730151263468917
3642.0,120,1,0.008333333333333333,0.5877804871831906,1.7013154090777682
3755.0,120,1,0.008333333333333333,0.5877804871831906,1.7013154090777682
13628.0,120,1,0.008333333333333333,0.5877804871831906,1.7013154090777682
16805.0,120,1,0.008333333333333333,0.5877804871831906,1.7013154090777682
21237.0,120,1,0.008333333333333333,0.5877804871831906,1.7013154090777682
23016.0,121,1,0.008264462809917356,0.5926786579097173,1.6872549511515058
2172.0,123,1,0.008130081300813009,0.6024749993627705,1.6598199112953838
19401.0,127,1,0.007874015748031496,0.6220676822688769,1.6075421188136392
21395.0,131,1,0.007633587786259542,0.6416603651749831,1.5584568632773448
6646.0,263,2,0.0076045627376425855,1.288218901076493,1.5525311717819938
2712.0,264,2,0.007575757575757576,1.2931170718030196,1.5466503718888802
26343.0,264,2,0.007575757575757576,1.2931170718030196,1.5466503718888802
27972.0,264,2,0.007575757575757576,1.2931170718030196,1.5466503718888802
22464.0,132,1,0.007575757575757576,0.6465585359015098,1.5466503718888802
2293.0,133,1,0.007518796992481203,0.6514567066280363,1.5350214217243021
24592.0,276,2,0.007246376811594203,1.3518951205213385,1.4794047035458855
27417.0,138,1,0.007246376811594203,0.6759475602606693,1.4794047035458855
8586.0,140,1,0.007142857142857143,0.6857439017137225,1.458270350638087
25678.0,141,1,0.0070921985815602835,0.6906420724402491,1.4479280077257601
17953.0,142,1,0.007042253521126761,0.6955402431667757,1.4377313316150155
5540.0,143,1,0.006993006993006993,0.7004384138933023,1.4276772663589663
27073.0,143,1,0.006993006993006993,0.7004384138933023,1.4276772663589663
13064.0,288,2,0.006944444444444444,1.4106731692396577,1.4177628408981402
28208.0,288,2,0.006944444444444444,1.4106731692396577,1.4177628408981402
3120.0,144,1,0.006944444444444444,0.7053365846198288,1.4177628408981402
4590.0,144,1,0.006944444444444444,0.7053365846198288,1.4177628408981402
5122.0,144,1,0.006944444444444444,0.7053365846198288,1.4177628408981402
11966.0,145,1,0.006896551724137931,0.7102347553463554,1.4079851661333254
687.0,148,1,0.006756756756756757,0.7249292675259352,1.3794449262792716
12458.0,150,1,0.006666666666666667,0.7347256089789884,1.3610523272622146
7409.0,156,1,0.00641025641025641,0.7641146333381479,1.3087041608290524
14327.0,156,1,0.00641025641025641,0.7641146333381479,1.3087041608290524
15969.0,156,1,0.00641025641025641,0.7641146333381479,1.3087041608290524
24019.0,156,1,0.00641025641025641,0.7641146333381479,1.3087041608290524
27612.0,156,1,0.00641025641025641,0.7641146333381479,1.3087041608290524
23340.0,157,1,0.006369426751592357,0.7690128040646745,1.3003684655371477
21179.0,163,1,0.006134969325153374,0.798401828423834,1.2525021416523447
21849.0,167,1,0.005988023952095809,0.8179945113299404,1.2225020903552826
5469.0,168,1,0.005952380952380952,0.822892682056467,1.215225292198406
6509.0,168,1,0.005952380952380952,0.822892682056467,1.215225292198406
10463.0,168,1,0.005952380952380952,0.822892682056467,1.215225292198406
22827.0,168,1,0.005952380952380952,0.822892682056467,1.215225292198406
24047.0,168,1,0.005952380952380952,0.822892682056467,1.215225292198406
8304.0,170,1,0.0058823529411764705,0.8326890235095201,1.2009285240548953
2816.0,176,1,0.005681818181818182,0.8620780478686797,1.1599877789166602
24360.0,176,1,0.005681818181818182,0.8620780478686797,1.1599877789166602
11504.0,177,1,0.005649717514124294,0.8669762185952062,1.1534341756459445
4312.0,179,1,0.00558659217877095,0.8767725600482594,1.1405466429571631
11867.0,179,1,0.00558659217877095,0.8767725600482594,1.1405466429571631
16976.0,179,1,0.00558659217877095,0.8767725600482594,1.1405466429571631
18521.0,179,1,0.00558659217877095,0.8767725600482594,1.1405466429571631
23844.0,179,1,0.00558659217877095,0.8767725600482594,1.1405466429571631
2258.0,180,1,0.005555555555555556,0.8816707307747861,1.1342102727185122
2383.0,180,1,0.005555555555555556,0.8816707307747861,1.1342102727185122
2872.0,180,1,0.005555555555555556,0.8816707307747861,1.1342102727185122
17713.0,180,1,0.005555555555555556,0.8816707307747861,1.1342102727185122
18487.0,180,1,0.005555555555555556,0.8816707307747861,1.1342102727185122
20312.0,180,1,0.005555555555555556,0.8816707307747861,1.1342102727185122
21460.0,180,1,0.005555555555555556,0.8816707307747861,1.1342102727185122
24225.0,180,1,0.005555555555555556,0.8816707307747861,1.1342102727185122
25004.0,180,1,0.005555555555555556,0.8816707307747861,1.1342102727185122
25721.0,180,1,0.005555555555555556,0.8816707307747861,1.1342102727185122
22458.0,184,1,0.005434782608695652,0.9012634136808924,1.109553527659414
22146.0,187,1,0.0053475935828877,0.9159579258604722,1.0917532036862683
28231.0,187,1,0.0053475935828877,0.9159579258604722,1.0917532036862683
10229.0,191,1,0.005235602094240838,0.9355506087665786,1.0688892622478126
657.0,192,1,0.005208333333333333,0.9404487794931051,1.0633221306736051
2341.0,192,1,0.005208333333333333,0.9404487794931051,1.0633221306736051
6952.0,192,1,0.005208333333333333,0.9404487794931051,1.0633221306736051
8435.0,192,1,0.005208333333333333,0.9404487794931051,1.0633221306736051
10355.0,192,1,0.005208333333333333,0.9404487794931051,1.0633221306736051
26176.0,192,1,0.005208333333333333,0.9404487794931051,1.0633221306736051
24206.0,193,1,0.0051813471502590676,0.9453469502196317,1.0578126895820321
15949.0,204,1,0.004901960784313725,0.9992268282114242,1.000773770045746
4573.0,216,1,0.004629629629629629,1.0580048769297432,0.9451752272654268
13535.0,237,1,0.004219409282700422,1.1608664621868017,0.8614255235836801
14455.0,238,1,0.004201680672268907,1.1657646329133282,0.8578060886106395
6489.0,239,1,0.0041841004184100415,1.1706628036398548,0.8542169417963689
8311.0,239,1,0.0041841004184100415,1.1706628036398548,0.8542169417963689
15973.0,252,1,0.003968253968253968,1.2343390230847004,0.8101501947989372
20529.0,259,1,0.003861003861003861,1.2686262181703867,0.7882542435881552
12243.0,263,1,0.0038022813688212928,1.288218901076493,0.7762655858909969
13329.0,263,1,0.0038022813688212928,1.288218901076493,0.7762655858909969
3434.0,275,1,0.0036363636363636364,1.346996949794812,0.7423921785066625
5728.0,276,1,0.0036231884057971015,1.3518951205213385,0.7397023517729427
20335.0,276,1,0.0036231884057971015,1.3518951205213385,0.7397023517729427
23881.0,276,1,0.0036231884057971015,1.3518951205213385,0.7397023517729427
15666.0,288,1,0.003472222222222222,1.4106731692396577,0.7088814204490701
9668.0,289,1,0.0034602076124567475,1.4155713399661842,0.7064285435617031
5330.0,334,1,0.0029940119760479044,1.6359890226598808,0.6112510451776413
38.0,179,0,0.0,0.8767725600482594,0.0
78.0,144,0,0.0,0.7053365846198288,0.0
110.0,108,0,0.0,0.5290024384648716,0.0
133.0,168,0,0.0,0.822892682056467,0.0
143.0,226,0,0.0,1.106986584195009,0.0
165.0,156,0,0.0,0.7641146333381479,0.0
167.0,199,0,0.0,0.9747359745787912,0.0
185.0,180,0,0.0,0.8816707307747861,0.0
186.0,180,0,0.0,0.8816707307747861,0.0
200.0,180,0,0.0,0.8816707307747861,0.0
231.0,192,0,0.0,0.9404487794931051,0.0
310.0,108,0,0.0,0.5290024384648716,0.0
330.0,180,0,0.0,0.8816707307747861,0.0
381.0,156,0,0.0,0.7641146333381479,0.0
426.0,192,0,0.0,0.9404487794931051,0.0
442.0,131,0,0.0,0.6416603651749831,0.0
455.0,180,0,0.0,0.8816707307747861,0.0
468.0,192,0,0.0,0.9404487794931051,0.0
478.0,168,0,0.0,0.822892682056467,0.0
489.0,264,0,0.0,1.2931170718030196,0.0
506.0,180,0,0.0,0.8816707307747861,0.0
538.0,288,0,0.0,1.4106731692396577,0.0
542.0,120,0,0.0,0.5877804871831906,0.0
575.0,168,0,0.0,0.822892682056467,0.0
611.0,192,0,0.0,0.9404487794931051,0.0
617.0,120,0,0.0,0.5877804871831906,0.0
620.0,102,0,0.0,0.4996134141057121,0.0
634.0,144,0,0.0,0.7053365846198288,0.0
697.0,120,0,0.0,0.5877804871831906,0.0
724.0,108,0,0.0,0.5290024384648716,0.0
752.0,108,0,0.0,0.5290024384648716,0.0
765.0,156,0,0.0,0.7641146333381479,0.0
777.0,168,0,0.0,0.822892682056467,0.0
779.0,166,0,0.0,0.8130963406034138,0.0
791.0,108,0,0.0,0.5290024384648716,0.0
806.0,144,0,0.0,0.7053365846198288,0.0
809.0,120,0,0.0,0.5877804871831906,0.0
824.0,335,0,0.0,1.6408871933864073,0.0
834.0,179,0,0.0,0.8767725600482594,0.0
848.0,108,0,0.0,0.5290024384648716,0.0
918.0,131,0,0.0,0.6416603651749831,0.0
920.0,144,0,0.0,0.7053365846198288,0.0
964.0,179,0,0.0,0.8767725600482594,0.0
974.0,179,0,0.0,0.8767725600482594,0.0
1009.0,156,0,0.0,0.7641146333381479,0.0
1017.0,120,0,0.0,0.5877804871831906,0.0
1023.0,137,0,0.0,0.6710493895341427,0.0
1057.0,166,0,0.0,0.8130963406034138,0.0
1105.0,168,0,0.0,0.822892682056467,0.0
1122.0,118,0,0.0,0.5779841457301376,0.0
1124.0,144,0,0.0,0.7053365846198288,0.0
1153.0,192,0,0.0,0.9404487794931051,0.0
1174.0,108,0,0.0,0.5290024384648716,0.0
1219.0,275,0,0.0,1.346996949794812,0.0
1220.0,108,0,0.0,0.5290024384648716,0.0
1222.0,168,0,0.0,0.822892682056467,0.0
1237.0,119,0,0.0,0.5828823164566641,0.0
1251.0,144,0,0.0,0.7053365846198288,0.0
1253.0,185,0,0.0,0.906161584407419,0.0
1256.0,131,0,0.0,0.6416603651749831,0.0
1293.0,192,0,0.0,0.9404487794931051,0.0
1361.0,191,0,0.0,0.9355506087665786,0.0
1362.0,192,0,0.0,0.9404487794931051,0.0
1366.0,180,0,0.0,0.8816707307747861,0.0
1407.0,156,0,0.0,0.7641146333381479,0.0
1425.0,180,0,0.0,0.8816707307747861,0.0
1449.0,216,0,0.0,1.0580048769297432,0.0
1450.0,180,0,0.0,0.8816707307747861,0.0
1486.0,131,0,0.0,0.6416603651749831,0.0
1494.0,183,0,0.0,0.8963652429543658,0.0
1509.0,103,0,0.0,0.5045115848322387,0.0
1518.0,192,0,0.0,0.9404487794931051,0.0
1532.0,120,0,0.0,0.5877804871831906,0.0
1543.0,108,0,0.0,0.5290024384648716,0.0
1571.0,156,0,0.0,0.7641146333381479,0.0
1577.0,103,0,0.0,0.5045115848322387,0.0
1598.0,192,0,0.0,0.9404487794931051,0.0
1613.0,144,0,0.0,0.7053365846198288,0.0
1621.0,252,0,0.0,1.2343390230847004,0.0
1641.0,179,0,0.0,0.8767725600482594,0.0
1647.0,108,0,0.0,0.5290024384648716,0.0
1658.0,140,0,0.0,0.6857439017137225,0.0
1673.0,191,0,0.0,0.9355506087665786,0.0
1687.0,192,0,0.0,0.9404487794931051,0.0
1695.0,108,0,0.0,0.5290024384648716,0.0
1700.0,180,0,0.0,0.8816707307747861,0.0
1719.0,263,0,0.0,1.288218901076493,0.0
1731.0,132,0,0.0,0.6465585359015098,0.0
1736.0,132,0,0.0,0.6465585359015098,0.0
1795.0,168,0,0.0,0.822892682056467,0.0
1838.0,144,0,0.0,0.7053365846198288,0.0
1908.0,108,0,0.0,0.5290024384648716,0.0
1916.0,120,0,0.0,0.5877804871831906,0.0
1921.0,180,0,0.0,0.8816707307747861,0.0
1936.0,167,0,0.0,0.8179945113299404,0.0
1960.0,180,0,0.0,0.8816707307747861,0.0
1961.0,286,0,0.0,1.4008768277866046,0.0
1964.0,178,0,0.0,0.8718743893217329,0.0
1973.0,119,0,0.0,0.5828823164566641,0.0
1988.0,156,0,0.0,0.7641146333381479,0.0
2010.0,131,0,0.0,0.6416603651749831,0.0
2016.0,132,0,0.0,0.6465585359015098,0.0
2023.0,133,0,0.0,0.6514567066280363,0.0
2024.0,180,0,0.0,0.8816707307747861,0.0
2041.0,144,0,0.0,0.7053365846198288,0.0
2057.0,144,0,0.0,0.7053365846198288,0.0
2058.0,144,0,0.0,0.7053365846198288,0.0
2075.0,105,0,0.0,0.5143079262852919,0.0
2106.0,240,0,0.0,1.1755609743663813,0.0
2107.0,132,0,0.0,0.6465585359015098,0.0
2118.0,180,0,0.0,0.8816707307747861,0.0
2165.0,168,0,0.0,0.822892682056467,0.0
2208.0,120,0,0.0,0.5877804871831906,0.0
2214.0,108,0,0.0,0.5290024384648716,0.0
2225.0,144,0,0.0,0.7053365846198288,0.0
2226.0,144,0,0.0,0.7053365846198288,0.0
2235.0,120,0,0.0,0.5877804871831906,0.0
2267.0,179,0,0.0,0.8767725600482594,0.0
2274.0,156,0,0.0,0.7641146333381479,0.0
2285.0,119,0,0.0,0.5828823164566641,0.0
2317.0,261,0,0.0,1.2784225596234398,0.0
2329.0,264,0,0.0,1.2931170718030196,0.0
2381.0,180,0,0.0,0.8816707307747861,0.0
2393.0,179,0,0.0,0.8767725600482594,0.0
2436.0,180,0,0.0,0.8816707307747861,0.0
2443.0,132,0,0.0,0.6465585359015098,0.0
2469.0,216,0,0.0,1.0580048769297432,0.0
2471.0,120,0,0.0,0.5877804871831906,0.0
2487.0,144,0,0.0,0.7053365846198288,0.0
2505.0,120,0,0.0,0.5877804871831906,0.0
2507.0,180,0,0.0,0.8816707307747861,0.0
2580.0,119,0,0.0,0.5828823164566641,0.0
2614.0,108,0,0.0,0.5290024384648716,0.0
2693.0,156,0,0.0,0.7641146333381479,0.0
2700.0,104,0,0.0,0.5094097555587653,0.0
2728.0,180,0,0.0,0.8816707307747861,0.0
2757.0,102,0,0.0,0.4996134141057121,0.0
2763.0,119,0,0.0,0.5828823164566641,0.0
2781.0,264,0,0.0,1.2931170718030196,0.0
2801.0,144,0,0.0,0.7053365846198288,0.0
2837.0,132,0,0.0,0.6465585359015098,0.0
2839.0,180,0,0.0,0.8816707307747861,0.0
2843.0,180,0,0.0,0.8816707307747861,0.0
2852.0,132,0,0.0,0.6465585359015098,0.0
2927.0,119,0,0.0,0.5828823164566641,0.0
2946.0,156,0,0.0,0.7641146333381479,0.0
2966.0,180,0,0.0,0.8816707307747861,0.0
3050.0,120,0,0.0,0.5877804871831906,0.0
3060.0,156,0,0.0,0.7641146333381479,0.0
3067.0,144,0,0.0,0.7053365846198288,0.0
3151.0,144,0,0.0,0.7053365846198288,0.0
3189.0,144,0,0.0,0.7053365846198288,0.0
3199.0,156,0,0.0,0.7641146333381479,0.0
3224.0,144,0,0.0,0.7053365846198288,0.0
3290.0,144,0,0.0,0.7053365846198288,0.0
3322.0,148,0,0.0,0.7249292675259352,0.0
3396.0,144,0,0.0,0.7053365846198288,0.0
3398.0,167,0,0.0,0.8179945113299404,0.0
3426.0,276,0,0.0,1.3518951205213385,0.0
3427.0,156,0,0.0,0.7641146333381479,0.0
3432.0,120,0,0.0,0.5877804871831906,0.0
3458.0,192,0,0.0,0.9404487794931051,0.0
3459.0,180,0,0.0,0.8816707307747861,0.0
3465.0,120,0,0.0,0.5877804871831906,0.0
3468.0,192,0,0.0,0.9404487794931051,0.0
3476.0,191,0,0.0,0.9355506087665786,0.0
3492.0,144,0,0.0,0.7053365846198288,0.0
3500.0,180,0,0.0,0.8816707307747861,0.0
3519.0,132,0,0.0,0.6465585359015098,0.0
3523.0,120,0,0.0,0.5877804871831906,0.0
3591.0,144,0,0.0,0.7053365846198288,0.0
3596.0,252,0,0.0,1.2343390230847004,0.0
3602.0,180,0,0.0,0.8816707307747861,0.0
3614.0,144,0,0.0,0.7053365846198288,0.0
3618.0,252,0,0.0,1.2343390230847004,0.0
3647.0,132,0,0.0,0.6465585359015098,0.0
3676.0,132,0,0.0,0.6465585359015098,0.0
3682.0,144,0,0.0,0.7053365846198288,0.0
3685.0,180,0,0.0,0.8816707307747861,0.0
3719.0,274,0,0.0,1.3420987790682855,0.0
3771.0,204,0,0.0,0.9992268282114242,0.0
3797.0,132,0,0.0,0.6465585359015098,0.0
3814.0,144,0,0.0,0.7053365846198288,0.0
3827.0,288,0,0.0,1.4106731692396577,0.0
3837.0,108,0,0.0,0.5290024384648716,0.0
3851.0,168,0,0.0,0.822892682056467,0.0
3892.0,190,0,0.0,0.9306524380400519,0.0
3950.0,180,0,0.0,0.8816707307747861,0.0
3955.0,156,0,0.0,0.7641146333381479,0.0
3982.0,156,0,0.0,0.7641146333381479,0.0
3998.0,120,0,0.0,0.5877804871831906,0.0
4014.0,180,0,0.0,0.8816707307747861,0.0
4027.0,120,0,0.0,0.5877804871831906,0.0
4029.0,180,0,0.0,0.8816707307747861,0.0
4037.0,138,0,0.0,0.6759475602606693,0.0
4083.0,228,0,0.0,1.1167829256480624,0.0
4085.0,192,0,0.0,0.9404487794931051,0.0
4088.0,132,0,0.0,0.6465585359015098,0.0
4104.0,131,0,0.0,0.6416603651749831,0.0
4107.0,108,0,0.0,0.5290024384648716,0.0
4176.0,156,0,0.0,0.7641146333381479,0.0
4178.0,276,0,0.0,1.3518951205213385,0.0
4201.0,147,0,0.0,0.7200310967994086,0.0
4214.0,192,0,0.0,0.9404487794931051,0.0
4259.0,168,0,0.0,0.822892682056467,0.0
4266.0,191,0,0.0,0.9355506087665786,0.0
4287.0,167,0,0.0,0.8179945113299404,0.0
4315.0,144,0,0.0,0.7053365846198288,0.0
4335.0,192,0,0.0,0.9404487794931051,0.0
4401.0,179,0,0.0,0.8767725600482594,0.0
4413.0,190,0,0.0,0.9306524380400519,0.0
4419.0,131,0,0.0,0.6416603651749831,0.0
4448.0,168,0,0.0,0.822892682056467,0.0
4455.0,137,0,0.0,0.6710493895341427,0.0
4487.0,132,0,0.0,0.6465585359015098,0.0
4490.0,176,0,0.0,0.8620780478686797,0.0
4492.0,132,0,0.0,0.6465585359015098,0.0
4517.0,156,0,0.0,0.7641146333381479,0.0
4520.0,107,0,0.0,0.5241042677383451,0.0
4530.0,132,0,0.0,0.6465585359015098,0.0
4572.0,132,0,0.0,0.6465585359015098,0.0
4579.0,288,0,0.0,1.4106731692396577,0.0
4593.0,177,0,0.0,0.8669762185952062,0.0
4595.0,156,0,0.0,0.7641146333381479,0.0
4609.0,168,0,0.0,0.822892682056467,0.0
4614.0,126,0,0.0,0.6171695115423502,0.0
4625.0,192,0,0.0,0.9404487794931051,0.0
4632.0,143,0,0.0,0.7004384138933023,0.0
4648.0,133,0,0.0,0.6514567066280363,0.0
4649.0,156,0,0.0,0.7641146333381479,0.0
4655.0,192,0,0.0,0.9404487794931051,0.0
4672.0,263,0,0.0,1.288218901076493,0.0
4692.0,184,0,0.0,0.9012634136808924,0.0
4701.0,108,0,0.0,0.5290024384648716,0.0
4704.0,180,0,0.0,0.8816707307747861,0.0
4717.0,192,0,0.0,0.9404487794931051,0.0
4727.0,180,0,0.0,0.8816707307747861,0.0
4731.0,192,0,0.0,0.9404487794931051,0.0
4749.0,192,0,0.0,0.9404487794931051,0.0
4808.0,132,0,0.0,0.6465585359015098,0.0
4836.0,120,0,0.0,0.5877804871831906,0.0
4895.0,122,0,0.0,0.5975768286362438,0.0
4929.0,136,0,0.0,0.6661512188076162,0.0
4935.0,144,0,0.0,0.7053365846198288,0.0
4942.0,108,0,0.0,0.5290024384648716,0.0
4978.0,119,0,0.0,0.5828823164566641,0.0
5006.0,120,0,0.0,0.5877804871831906,0.0
5008.0,191,0,0.0,0.9355506087665786,0.0
5016.0,192,0,0.0,0.9404487794931051,0.0
5033.0,168,0,0.0,0.822892682056467,0.0
5053.0,179,0,0.0,0.8767725600482594,0.0
5089.0,177,0,0.0,0.8669762185952062,0.0
5090.0,153,0,0.0,0.7494201211585682,0.0
5112.0,144,0,0.0,0.7053365846198288,0.0
5153.0,155,0,0.0,0.7592164626116213,0.0
5155.0,132,0,0.0,0.6465585359015098,0.0
5181.0,192,0,0.0,0.9404487794931051,0.0
5213.0,132,0,0.0,0.6465585359015098,0.0
5227.0,191,0,0.0,0.9355506087665786,0.0
5247.0,132,0,0.0,0.6465585359015098,0.0
5276.0,112,0,0.0,0.548595121370978,0.0
5291.0,120,0,0.0,0.5877804871831906,0.0
5299.0,180,0,0.0,0.8816707307747861,0.0
5308.0,145,0,0.0,0.7102347553463554,0.0
5353.0,138,0,0.0,0.6759475602606693,0.0
5416.0,192,0,0.0,0.9404487794931051,0.0
5447.0,125,0,0.0,0.6122713408158237,0.0
5478.0,192,0,0.0,0.9404487794931051,0.0
5522.0,120,0,0.0,0.5877804871831906,0.0
5523.0,168,0,0.0,0.822892682056467,0.0
5525.0,144,0,0.0,0.7053365846198288,0.0
5532.0,239,0,0.0,1.1706628036398548,0.0
5550.0,143,0,0.0,0.7004384138933023,0.0
5556.0,156,0,0.0,0.7641146333381479,0.0
5560.0,120,0,0.0,0.5877804871831906,0.0
5601.0,104,0,0.0,0.5094097555587653,0.0
5610.0,192,0,0.0,0.9404487794931051,0.0
5678.0,132,0,0.0,0.6465585359015098,0.0
5704.0,120,0,0.0,0.5877804871831906,0.0
5711.0,204,0,0.0,0.9992268282114242,0.0
5713.0,132,0,0.0,0.6465585359015098,0.0
5714.0,168,0,0.0,0.822892682056467,0.0
5729.0,143,0,0.0,0.7004384138933023,0.0
5749.0,228,0,0.0,1.1167829256480624,0.0
5764.0,168,0,0.0,0.822892682056467,0.0
5771.0,180,0,0.0,0.8816707307747861,0.0
5780.0,168,0,0.0,0.822892682056467,0.0
5850.0,192,0,0.0,0.9404487794931051,0.0
5853.0,192,0,0.0,0.9404487794931051,0.0
5883.0,180,0,0.0,0.8816707307747861,0.0
5888.0,131,0,0.0,0.6416603651749831,0.0
5968.0,152,0,0.0,0.7445219504320415,0.0
5969.0,106,0,0.0,0.5192060970118184,0.0
5974.0,104,0,0.0,0.5094097555587653,0.0
5985.0,239,0,0.0,1.1706628036398548,0.0
6043.0,120,0,0.0,0.5877804871831906,0.0
6062.0,118,0,0.0,0.5779841457301376,0.0
6075.0,108,0,0.0,0.5290024384648716,0.0
6083.0,108,0,0.0,0.5290024384648716,0.0
6107.0,191,0,0.0,0.9355506087665786,0.0
6110.0,192,0,0.0,0.9404487794931051,0.0
6122.0,132,0,0.0,0.6465585359015098,0.0
6185.0,135,0,0.0,0.6612530480810895,0.0
6250.0,180,0,0.0,0.8816707307747861,0.0
6287.0,132,0,0.0,0.6465585359015098,0.0
6293.0,166,0,0.0,0.8130963406034138,0.0
6305.0,108,0,0.0,0.5290024384648716,0.0
6319.0,156,0,0.0,0.7641146333381479,0.0
6343.0,180,0,0.0,0.8816707307747861,0.0
6346.0,102,0,0.0,0.4996134141057121,0.0
6350.0,191,0,0.0,0.9355506087665786,0.0
6352.0,192,0,0.0,0.9404487794931051,0.0
6357.0,120,0,0.0,0.5877804871831906,0.0
6367.0,107,0,0.0,0.5241042677383451,0.0
6379.0,156,0,0.0,0.7641146333381479,0.0
6393.0,168,0,0.0,0.822892682056467,0.0
6416.0,144,0,0.0,0.7053365846198288,0.0
6442.0,120,0,0.0,0.5877804871831906,0.0
6521.0,213,0,0.0,1.0433103647501636,0.0
6589.0,288,0,0.0,1.4106731692396577,0.0
6618.0,275,0,0.0,1.346996949794812,0.0
6622.0,144,0,0.0,0.7053365846198288,0.0
6639.0,144,0,0.0,0.7053365846198288,0.0
6642.0,131,0,0.0,0.6416603651749831,0.0
6652.0,128,0,0.0,0.6269658529954034,0.0
6654.0,143,0,0.0,0.7004384138933023,0.0
6668.0,144,0,0.0,0.7053365846198288,0.0
6671.0,169,0,0.0,0.8277908527829936,0.0
6674.0,144,0,0.0,0.7053365846198288,0.0
6677.0,264,0,0.0,1.2931170718030196,0.0
6681.0,154,0,0.0,0.7543182918850947,0.0
6700.0,120,0,0.0,0.5877804871831906,0.0
6765.0,166,0,0.0,0.8130963406034138,0.0
6809.0,191,0,0.0,0.9355506087665786,0.0
6828.0,192,0,0.0,0.9404487794931051,0.0
6839.0,144,0,0.0,0.7053365846198288,0.0
6842.0,120,0,0.0,0.5877804871831906,0.0
6855.0,120,0,0.0,0.5877804871831906,0.0
6872.0,156,0,0.0,0.7641146333381479,0.0
6928.0,286,0,0.0,1.4008768277866046,0.0
6939.0,180,0,0.0,0.8816707307747861,0.0
6947.0,108,0,0.0,0.5290024384648716,0.0
6995.0,155,0,0.0,0.7592164626116213,0.0
7003.0,120,0,0.0,0.5877804871831906,0.0
7006.0,100,0,0.0,0.48981707265265895,0.0
7022.0,156,0,0.0,0.7641146333381479,0.0
7027.0,168,0,0.0,0.822892682056467,0.0
7038.0,179,0,0.0,0.8767725600482594,0.0
7101.0,191,0,0.0,0.9355506087665786,0.0
7103.0,167,0,0.0,0.8179945113299404,0.0
7110.0,168,0,0.0,0.822892682056467,0.0
7142.0,108,0,0.0,0.5290024384648716,0.0
7178.0,180,0,0.0,0.8816707307747861,0.0
7188.0,192,0,0.0,0.9404487794931051,0.0
7190.0,120,0,0.0,0.5877804871831906,0.0
7193.0,104,0,0.0,0.5094097555587653,0.0
7194.0,192,0,0.0,0.9404487794931051,0.0
7241.0,132,0,0.0,0.6465585359015098,0.0
7259.0,263,0,0.0,1.288218901076493,0.0
7276.0,108,0,0.0,0.5290024384648716,0.0
7349.0,120,0,0.0,0.5877804871831906,0.0
7405.0,252,0,0.0,1.2343390230847004,0.0
7415.0,126,0,0.0,0.6171695115423502,0.0
7418.0,251,0,0.0,1.229440852358174,0.0
7435.0,132,0,0.0,0.6465585359015098,0.0
7438.0,192,0,0.0,0.9404487794931051,0.0
7455.0,108,0,0.0,0.5290024384648716,0.0
7556.0,108,0,0.0,0.5290024384648716,0.0
7569.0,264,0,0.0,1.2931170718030196,0.0
7573.0,132,0,0.0,0.6465585359015098,0.0
7594.0,264,0,0.0,1.2931170718030196,0.0
7631.0,120,0,0.0,0.5877804871831906,0.0
7641.0,180,0,0.0,0.8816707307747861,0.0
7656.0,156,0,0.0,0.7641146333381479,0.0
7677.0,180,0,0.0,0.8816707307747861,0.0
7687.0,168,0,0.0,0.822892682056467,0.0
7691.0,192,0,0.0,0.9404487794931051,0.0
7696.0,180,0,0.0,0.8816707307747861,0.0
7699.0,143,0,0.0,0.7004384138933023,0.0
7707.0,165,0,0.0,0.8081981698768872,0.0
7734.0,274,0,0.0,1.3420987790682855,0.0
7750.0,192,0,0.0,0.9404487794931051,0.0
7760.0,144,0,0.0,0.7053365846198288,0.0
7816.0,288,0,0.0,1.4106731692396577,0.0
7828.0,180,0,0.0,0.8816707307747861,0.0
7833.0,144,0,0.0,0.7053365846198288,0.0
7838.0,132,0,0.0,0.6465585359015098,0.0
7839.0,156,0,0.0,0.7641146333381479,0.0
7844.0,108,0,0.0,0.5290024384648716,0.0
7858.0,180,0,0.0,0.8816707307747861,0.0
7904.0,191,0,0.0,0.9355506087665786,0.0
7955.0,168,0,0.0,0.822892682056467,0.0
7959.0,132,0,0.0,0.6465585359015098,0.0
7962.0,192,0,0.0,0.9404487794931051,0.0
8029.0,180,0,0.0,0.8816707307747861,0.0
8036.0,201,0,0.0,0.9845323160318444,0.0
8053.0,180,0,0.0,0.8816707307747861,0.0
8065.0,180,0,0.0,0.8816707307747861,0.0
8090.0,239,0,0.0,1.1706628036398548,0.0
8094.0,287,0,0.0,1.4057749985131311,0.0
8116.0,192,0,0.0,0.9404487794931051,0.0
8123.0,191,0,0.0,0.9355506087665786,0.0
8125.0,107,0,0.0,0.5241042677383451,0.0
8139.0,180,0,0.0,0.8816707307747861,0.0
8158.0,180,0,0.0,0.8816707307747861,0.0
8163.0,274,0,0.0,1.3420987790682855,0.0
8194.0,144,0,0.0,0.7053365846198288,0.0
8229.0,144,0,0.0,0.7053365846198288,0.0
8233.0,180,0,0.0,0.8816707307747861,0.0
8239.0,264,0,0.0,1.2931170718030196,0.0
8255.0,132,0,0.0,0.6465585359015098,0.0
8312.0,188,0,0.0,0.9208560965869987,0.0
8326.0,264,0,0.0,1.2931170718030196,0.0
8330.0,191,0,0.0,0.9355506087665786,0.0
8351.0,168,0,0.0,0.822892682056467,0.0
8407.0,108,0,0.0,0.5290024384648716,0.0
8434.0,192,0,0.0,0.9404487794931051,0.0
8452.0,192,0,0.0,0.9404487794931051,0.0
8512.0,129,0,0.0,0.63186402372193,0.0
8514.0,252,0,0.0,1.2343390230847004,0.0
8538.0,143,0,0.0,0.7004384138933023,0.0
8549.0,155,0,0.0,0.7592164626116213,0.0
8589.0,132,0,0.0,0.6465585359015098,0.0
8601.0,192,0,0.0,0.9404487794931051,0.0
8665.0,120,0,0.0,0.5877804871831906,0.0
8707.0,144,0,0.0,0.7053365846198288,0.0
8729.0,132,0,0.0,0.6465585359015098,0.0
8732.0,120,0,0.0,0.5877804871831906,0.0
8769.0,120,0,0.0,0.5877804871831906,0.0
8790.0,168,0,0.0,0.822892682056467,0.0
8821.0,132,0,0.0,0.6465585359015098,0.0
8824.0,132,0,0.0,0.6465585359015098,0.0
8830.0,180,0,0.0,0.8816707307747861,0.0
8871.0,105,0,0.0,0.5143079262852919,0.0
8899.0,120,0,0.0,0.5877804871831906,0.0
8964.0,168,0,0.0,0.822892682056467,0.0
9001.0,156,0,0.0,0.7641146333381479,0.0
9006.0,180,0,0.0,0.8816707307747861,0.0
9064.0,240,0,0.0,1.1755609743663813,0.0
9087.0,107,0,0.0,0.5241042677383451,0.0
9111.0,132,0,0.0,0.6465585359015098,0.0
9118.0,119,0,0.0,0.5828823164566641,0.0
9171.0,180,0,0.0,0.8816707307747861,0.0
9231.0,108,0,0.0,0.5290024384648716,0.0
9232.0,144,0,0.0,0.7053365846198288,0.0
9241.0,168,0,0.0,0.822892682056467,0.0
9260.0,167,0,0.0,0.8179945113299404,0.0
9296.0,120,0,0.0,0.5877804871831906,0.0
9307.0,179,0,0.0,0.8767725600482594,0.0
9324.0,180,0,0.0,0.8816707307747861,0.0
9355.0,107,0,0.0,0.5241042677383451,0.0
9374.0,104,0,0.0,0.5094097555587653,0.0
9386.0,192,0,0.0,0.9404487794931051,0.0
9387.0,107,0,0.0,0.5241042677383451,0.0
9398.0,180,0,0.0,0.8816707307747861,0.0
9413.0,168,0,0.0,0.822892682056467,0.0
9425.0,192,0,0.0,0.9404487794931051,0.0
9428.0,142,0,0.0,0.6955402431667757,0.0
9453.0,108,0,0.0,0.5290024384648716,0.0
9457.0,168,0,0.0,0.822892682056467,0.0
9464.0,132,0,0.0,0.6465585359015098,0.0
9473.0,144,0,0.0,0.7053365846198288,0.0
9513.0,156,0,0.0,0.7641146333381479,0.0
9515.0,131,0,0.0,0.6416603651749831,0.0
9521.0,264,0,0.0,1.2931170718030196,0.0
9524.0,168,0,0.0,0.822892682056467,0.0
9533.0,108,0,0.0,0.5290024384648716,0.0
9547.0,276,0,0.0,1.3518951205213385,0.0
9584.0,168,0,0.0,0.822892682056467,0.0
9587.0,156,0,0.0,0.7641146333381479,0.0
9614.0,132,0,0.0,0.6465585359015098,0.0
9619.0,144,0,0.0,0.7053365846198288,0.0
9639.0,239,0,0.0,1.1706628036398548,0.0
9641.0,144,0,0.0,0.7053365846198288,0.0
9644.0,134,0,0.0,0.656354877354563,0.0
9708.0,180,0,0.0,0.8816707307747861,0.0
9712.0,179,0,0.0,0.8767725600482594,0.0
9772.0,143,0,0.0,0.7004384138933023,0.0
9778.0,372,0,0.0,1.822119510267891,0.0
9833.0,192,0,0.0,0.9404487794931051,0.0
9846.0,166,0,0.0,0.8130963406034138,0.0
9849.0,108,0,0.0,0.5290024384648716,0.0
9881.0,132,0,0.0,0.6465585359015098,0.0
9894.0,180,0,0.0,0.8816707307747861,0.0
9897.0,132,0,0.0,0.6465585359015098,0.0
9923.0,274,0,0.0,1.3420987790682855,0.0
9925.0,192,0,0.0,0.9404487794931051,0.0
9931.0,155,0,0.0,0.7592164626116213,0.0
9949.0,156,0,0.0,0.7641146333381479,0.0
9953.0,180,0,0.0,0.8816707307747861,0.0
9954.0,144,0,0.0,0.7053365846198288,0.0
9980.0,144,0,0.0,0.7053365846198288,0.0
10015.0,168,0,0.0,0.822892682056467,0.0
10065.0,130,0,0.0,0.6367621944484566,0.0
10066.0,180,0,0.0,0.8816707307747861,0.0
10100.0,132,0,0.0,0.6465585359015098,0.0
10126.0,106,0,0.0,0.5192060970118184,0.0
10135.0,118,0,0.0,0.5779841457301376,0.0
10157.0,108,0,0.0,0.5290024384648716,0.0
10159.0,168,0,0.0,0.822892682056467,0.0
10160.0,168,0,0.0,0.822892682056467,0.0
10203.0,276,0,0.0,1.3518951205213385,0.0
10218.0,154,0,0.0,0.7543182918850947,0.0
10244.0,192,0,0.0,0.9404487794931051,0.0
10254.0,168,0,0.0,0.822892682056467,0.0
10257.0,251,0,0.0,1.229440852358174,0.0
10304.0,120,0,0.0,0.5877804871831906,0.0
10354.0,132,0,0.0,0.6465585359015098,0.0
10372.0,132,0,0.0,0.6465585359015098,0.0
10401.0,103,0,0.0,0.5045115848322387,0.0
10426.0,180,0,0.0,0.8816707307747861,0.0
10458.0,252,0,0.0,1.2343390230847004,0.0
10466.0,168,0,0.0,0.822892682056467,0.0
10484.0,129,0,0.0,0.63186402372193,0.0
10550.0,144,0,0.0,0.7053365846198288,0.0
10551.0,180,0,0.0,0.8816707307747861,0.0
10574.0,120,0,0.0,0.5877804871831906,0.0
10606.0,120,0,0.0,0.5877804871831906,0.0
10635.0,120,0,0.0,0.5877804871831906,0.0
10644.0,144,0,0.0,0.7053365846198288,0.0
10663.0,120,0,0.0,0.5877804871831906,0.0
10665.0,192,0,0.0,0.9404487794931051,0.0
10676.0,120,0,0.0,0.5877804871831906,0.0
10682.0,167,0,0.0,0.8179945113299404,0.0
10711.0,120,0,0.0,0.5877804871831906,0.0
10760.0,108,0,0.0,0.5290024384648716,0.0
10790.0,156,0,0.0,0.7641146333381479,0.0
10808.0,273,0,0.0,1.337200608341759,0.0
10832.0,180,0,0.0,0.8816707307747861,0.0
10859.0,187,0,0.0,0.9159579258604722,0.0
10876.0,168,0,0.0,0.822892682056467,0.0
10913.0,168,0,0.0,0.822892682056467,0.0
10981.0,132,0,0.0,0.6465585359015098,0.0
10982.0,180,0,0.0,0.8816707307747861,0.0
11009.0,108,0,0.0,0.5290024384648716,0.0
11060.0,132,0,0.0,0.6465585359015098,0.0
11075.0,191,0,0.0,0.9355506087665786,0.0
11092.0,180,0,0.0,0.8816707307747861,0.0
11119.0,128,0,0.0,0.6269658529954034,0.0
11122.0,132,0,0.0,0.6465585359015098,0.0
11124.0,108,0,0.0,0.5290024384648716,0.0
11128.0,108,0,0.0,0.5290024384648716,0.0
11134.0,167,0,0.0,0.8179945113299404,0.0
11137.0,132,0,0.0,0.6465585359015098,0.0
11158.0,135,0,0.0,0.6612530480810895,0.0
11200.0,264,0,0.0,1.2931170718030196,0.0
11249.0,132,0,0.0,0.6465585359015098,0.0
11274.0,168,0,0.0,0.822892682056467,0.0
11296.0,120,0,0.0,0.5877804871831906,0.0
11298.0,264,0,0.0,1.2931170718030196,0.0
11319.0,131,0,0.0,0.6416603651749831,0.0
11329.0,144,0,0.0,0.7053365846198288,0.0
11340.0,252,0,0.0,1.2343390230847004,0.0
11357.0,144,0,0.0,0.7053365846198288,0.0
11371.0,251,0,0.0,1.229440852358174,0.0
11418.0,179,0,0.0,0.8767725600482594,0.0
11462.0,180,0,0.0,0.8816707307747861,0.0
11463.0,252,0,0.0,1.2343390230847004,0.0
11478.0,132,0,0.0,0.6465585359015098,0.0
11517.0,120,0,0.0,0.5877804871831906,0.0
11524.0,144,0,0.0,0.7053365846198288,0.0
11633.0,104,0,0.0,0.5094097555587653,0.0
11680.0,288,0,0.0,1.4106731692396577,0.0
11689.0,179,0,0.0,0.8767725600482594,0.0
11692.0,252,0,0.0,1.2343390230847004,0.0
11728.0,107,0,0.0,0.5241042677383451,0.0
11736.0,180,0,0.0,0.8816707307747861,0.0
11745.0,263,0,0.0,1.288218901076493,0.0
11758.0,168,0,0.0,0.822892682056467,0.0
11763.0,192,0,0.0,0.9404487794931051,0.0
11789.0,155,0,0.0,0.7592164626116213,0.0
11792.0,120,0,0.0,0.5877804871831906,0.0
11801.0,140,0,0.0,0.6857439017137225,0.0
11811.0,287,0,0.0,1.4057749985131311,0.0
11839.0,120,0,0.0,0.5877804871831906,0.0
11847.0,144,0,0.0,0.7053365846198288,0.0
11860.0,287,0,0.0,1.4057749985131311,0.0
11889.0,180,0,0.0,0.8816707307747861,0.0
11907.0,144,0,0.0,0.7053365846198288,0.0
11974.0,180,0,0.0,0.8816707307747861,0.0
11977.0,115,0,0.0,0.5632896335505577,0.0
11980.0,251,0,0.0,1.229440852358174,0.0
11992.0,186,0,0.0,0.9110597551339455,0.0
12041.0,192,0,0.0,0.9404487794931051,0.0
12048.0,192,0,0.0,0.9404487794931051,0.0
12125.0,192,0,0.0,0.9404487794931051,0.0
12142.0,108,0,0.0,0.5290024384648716,0.0
12220.0,131,0,0.0,0.6416603651749831,0.0
12223.0,109,0,0.0,0.5339006091913983,0.0
12259.0,288,0,0.0,1.4106731692396577,0.0
12267.0,108,0,0.0,0.5290024384648716,0.0
12291.0,240,0,0.0,1.1755609743663813,0.0
12316.0,180,0,0.0,0.8816707307747861,0.0
12324.0,120,0,0.0,0.5877804871831906,0.0
12341.0,180,0,0.0,0.8816707307747861,0.0
12355.0,180,0,0.0,0.8816707307747861,0.0
12379.0,167,0,0.0,0.8179945113299404,0.0
12385.0,180,0,0.0,0.8816707307747861,0.0
12400.0,134,0,0.0,0.656354877354563,0.0
12438.0,144,0,0.0,0.7053365846198288,0.0
12447.0,168,0,0.0,0.822892682056467,0.0
12466.0,179,0,0.0,0.8767725600482594,0.0
12484.0,223,0,0.0,1.0922920720154294,0.0
12495.0,192,0,0.0,0.9404487794931051,0.0
12501.0,180,0,0.0,0.8816707307747861,0.0
12527.0,119,0,0.0,0.5828823164566641,0.0
12544.0,191,0,0.0,0.9355506087665786,0.0
12592.0,180,0,0.0,0.8816707307747861,0.0
12607.0,192,0,0.0,0.9404487794931051,0.0
12654.0,144,0,0.0,0.7053365846198288,0.0
12656.0,159,0,0.0,0.7788091455177277,0.0
12678.0,168,0,0.0,0.822892682056467,0.0
12693.0,192,0,0.0,0.9404487794931051,0.0
12703.0,214,0,0.0,1.0482085354766901,0.0
12718.0,122,0,0.0,0.5975768286362438,0.0
12724.0,135,0,0.0,0.6612530480810895,0.0
12738.0,166,0,0.0,0.8130963406034138,0.0
12755.0,192,0,0.0,0.9404487794931051,0.0
12821.0,192,0,0.0,0.9404487794931051,0.0
12824.0,131,0,0.0,0.6416603651749831,0.0
12860.0,108,0,0.0,0.5290024384648716,0.0
12868.0,178,0,0.0,0.8718743893217329,0.0
12877.0,132,0,0.0,0.6465585359015098,0.0
12880.0,114,0,0.0,0.5583914628240312,0.0
12937.0,120,0,0.0,0.5877804871831906,0.0
12990.0,252,0,0.0,1.2343390230847004,0.0
13012.0,120,0,0.0,0.5877804871831906,0.0
13022.0,120,0,0.0,0.5877804871831906,0.0
13074.0,132,0,0.0,0.6465585359015098,0.0
13076.0,168,0,0.0,0.822892682056467,0.0
13077.0,275,0,0.0,1.346996949794812,0.0
13099.0,180,0,0.0,0.8816707307747861,0.0
13130.0,168,0,0.0,0.822892682056467,0.0
13193.0,192,0,0.0,0.9404487794931051,0.0
13203.0,192,0,0.0,0.9404487794931051,0.0
13206.0,179,0,0.0,0.8767725600482594,0.0
13219.0,192,0,0.0,0.9404487794931051,0.0
13270.0,180,0,0.0,0.8816707307747861,0.0
13272.0,192,0,0.0,0.9404487794931051,0.0
13284.0,192,0,0.0,0.9404487794931051,0.0
13294.0,190,0,0.0,0.9306524380400519,0.0
13333.0,168,0,0.0,0.822892682056467,0.0
13346.0,144,0,0.0,0.7053365846198288,0.0
13361.0,191,0,0.0,0.9355506087665786,0.0
13408.0,191,0,0.0,0.9355506087665786,0.0
13420.0,166,0,0.0,0.8130963406034138,0.0
13433.0,192,0,0.0,0.9404487794931051,0.0
13443.0,180,0,0.0,0.8816707307747861,0.0
13485.0,144,0,0.0,0.7053365846198288,0.0
13486.0,132,0,0.0,0.6465585359015098,0.0
13493.0,168,0,0.0,0.822892682056467,0.0
13553.0,154,0,0.0,0.7543182918850947,0.0
13565.0,168,0,0.0,0.822892682056467,0.0
13572.0,143,0,0.0,0.7004384138933023,0.0
13613.0,144,0,0.0,0.7053365846198288,0.0
13639.0,180,0,0.0,0.8816707307747861,0.0
13655.0,192,0,0.0,0.9404487794931051,0.0
13684.0,108,0,0.0,0.5290024384648716,0.0
13687.0,105,0,0.0,0.5143079262852919,0.0
13694.0,252,0,0.0,1.2343390230847004,0.0
13700.0,175,0,0.0,0.8571798771421532,0.0
13702.0,132,0,0.0,0.6465585359015098,0.0
13721.0,180,0,0.0,0.8816707307747861,0.0
13744.0,219,0,0.0,1.072699389109323,0.0
13749.0,180,0,0.0,0.8816707307747861,0.0
13815.0,144,0,0.0,0.7053365846198288,0.0
13820.0,276,0,0.0,1.3518951205213385,0.0
13858.0,264,0,0.0,1.2931170718030196,0.0
13869.0,276,0,0.0,1.3518951205213385,0.0
13878.0,120,0,0.0,0.5877804871831906,0.0
13897.0,168,0,0.0,0.822892682056467,0.0
13917.0,108,0,0.0,0.5290024384648716,0.0
13922.0,120,0,0.0,0.5877804871831906,0.0
13964.0,264,0,0.0,1.2931170718030196,0.0
13965.0,276,0,0.0,1.3518951205213385,0.0
13987.0,168,0,0.0,0.822892682056467,0.0
13993.0,106,0,0.0,0.5192060970118184,0.0
14011.0,223,0,0.0,1.0922920720154294,0.0
14047.0,131,0,0.0,0.6416603651749831,0.0
14067.0,275,0,0.0,1.346996949794812,0.0
14088.0,120,0,0.0,0.5877804871831906,0.0
14141.0,180,0,0.0,0.8816707307747861,0.0
14221.0,143,0,0.0,0.7004384138933023,0.0
14241.0,192,0,0.0,0.9404487794931051,0.0
14258.0,190,0,0.0,0.9306524380400519,0.0
14265.0,135,0,0.0,0.6612530480810895,0.0
14302.0,180,0,0.0,0.8816707307747861,0.0
14325.0,120,0,0.0,0.5877804871831906,0.0
14329.0,180,0,0.0,0.8816707307747861,0.0
14332.0,168,0,0.0,0.822892682056467,0.0
14344.0,192,0,0.0,0.9404487794931051,0.0
14345.0,227,0,0.0,1.1118847549215358,0.0
14352.0,180,0,0.0,0.8816707307747861,0.0
14365.0,156,0,0.0,0.7641146333381479,0.0
14390.0,131,0,0.0,0.6416603651749831,0.0
14395.0,263,0,0.0,1.288218901076493,0.0
14408.0,142,0,0.0,0.6955402431667757,0.0
14425.0,192,0,0.0,0.9404487794931051,0.0
14462.0,105,0,0.0,0.5143079262852919,0.0
14484.0,144,0,0.0,0.7053365846198288,0.0
14512.0,204,0,0.0,0.9992268282114242,0.0
14617.0,180,0,0.0,0.8816707307747861,0.0
14642.0,132,0,0.0,0.6465585359015098,0.0
14653.0,252,0,0.0,1.2343390230847004,0.0
14656.0,168,0,0.0,0.822892682056467,0.0
14662.0,168,0,0.0,0.822892682056467,0.0
14674.0,144,0,0.0,0.7053365846198288,0.0
14712.0,167,0,0.0,0.8179945113299404,0.0
14713.0,264,0,0.0,1.2931170718030196,0.0
14728.0,121,0,0.0,0.5926786579097173,0.0
14736.0,156,0,0.0,0.7641146333381479,0.0
14737.0,180,0,0.0,0.8816707307747861,0.0
14740.0,168,0,0.0,0.822892682056467,0.0
14772.0,151,0,0.0,0.739623779705515,0.0
14798.0,120,0,0.0,0.5877804871831906,0.0
14836.0,168,0,0.0,0.822892682056467,0.0
14849.0,270,0,0.0,1.322506096162179,0.0
14851.0,180,0,0.0,0.8816707307747861,0.0
14865.0,180,0,0.0,0.8816707307747861,0.0
14866.0,168,0,0.0,0.822892682056467,0.0
14885.0,120,0,0.0,0.5877804871831906,0.0
14920.0,179,0,0.0,0.8767725600482594,0.0
14927.0,182,0,0.0,0.8914670722278393,0.0
14992.0,188,0,0.0,0.9208560965869987,0.0
14995.0,156,0,0.0,0.7641146333381479,0.0
15008.0,144,0,0.0,0.7053365846198288,0.0
15089.0,156,0,0.0,0.7641146333381479,0.0
15101.0,129,0,0.0,0.63186402372193,0.0
15108.0,192,0,0.0,0.9404487794931051,0.0
15150.0,311,0,0.0,1.5233310959497692,0.0
15168.0,211,0,0.0,1.0335140232971103,0.0
15206.0,144,0,0.0,0.7053365846198288,0.0
15226.0,168,0,0.0,0.822892682056467,0.0
15280.0,176,0,0.0,0.8620780478686797,0.0
15305.0,138,0,0.0,0.6759475602606693,0.0
15314.0,155,0,0.0,0.7592164626116213,0.0
15344.0,264,0,0.0,1.2931170718030196,0.0
15349.0,168,0,0.0,0.822892682056467,0.0
15355.0,180,0,0.0,0.8816707307747861,0.0
15395.0,286,0,0.0,1.4008768277866046,0.0
15407.0,144,0,0.0,0.7053365846198288,0.0
15416.0,132,0,0.0,0.6465585359015098,0.0
15434.0,108,0,0.0,0.5290024384648716,0.0
15450.0,287,0,0.0,1.4057749985131311,0.0
15493.0,112,0,0.0,0.548595121370978,0.0
15541.0,132,0,0.0,0.6465585359015098,0.0
15554.0,143,0,0.0,0.7004384138933023,0.0
15669.0,168,0,0.0,0.822892682056467,0.0
15672.0,144,0,0.0,0.7053365846198288,0.0
15695.0,144,0,0.0,0.7053365846198288,0.0
15717.0,112,0,0.0,0.548595121370978,0.0
15731.0,184,0,0.0,0.9012634136808924,0.0
15780.0,168,0,0.0,0.822892682056467,0.0
15815.0,168,0,0.0,0.822892682056467,0.0
15838.0,168,0,0.0,0.822892682056467,0.0
15880.0,120,0,0.0,0.5877804871831906,0.0
15884.0,121,0,0.0,0.5926786579097173,0.0
15925.0,192,0,0.0,0.9404487794931051,0.0
15936.0,264,0,0.0,1.2931170718030196,0.0
15952.0,119,0,0.0,0.5828823164566641,0.0
15956.0,192,0,0.0,0.9404487794931051,0.0
15967.0,120,0,0.0,0.5877804871831906,0.0
15977.0,168,0,0.0,0.822892682056467,0.0
15988.0,129,0,0.0,0.63186402372193,0.0
16018.0,192,0,0.0,0.9404487794931051,0.0
16022.0,180,0,0.0,0.8816707307747861,0.0
16026.0,180,0,0.0,0.8816707307747861,0.0
16041.0,192,0,0.0,0.9404487794931051,0.0
16042.0,119,0,0.0,0.5828823164566641,0.0
16056.0,179,0,0.0,0.8767725600482594,0.0
16073.0,264,0,0.0,1.2931170718030196,0.0
16074.0,132,0,0.0,0.6465585359015098,0.0
16078.0,143,0,0.0,0.7004384138933023,0.0
16111.0,168,0,0.0,0.822892682056467,0.0
16127.0,120,0,0.0,0.5877804871831906,0.0
16142.0,179,0,0.0,0.8767725600482594,0.0
16163.0,252,0,0.0,1.2343390230847004,0.0
16167.0,145,0,0.0,0.7102347553463554,0.0
16251.0,144,0,0.0,0.7053365846198288,0.0
16255.0,180,0,0.0,0.8816707307747861,0.0
16262.0,168,0,0.0,0.822892682056467,0.0
16264.0,192,0,0.0,0.9404487794931051,0.0
16279.0,116,0,0.0,0.5681878042770844,0.0
16324.0,191,0,0.0,0.9355506087665786,0.0
16335.0,285,0,0.0,1.3959786570600778,0.0
16355.0,276,0,0.0,1.3518951205213385,0.0
16366.0,192,0,0.0,0.9404487794931051,0.0
16370.0,156,0,0.0,0.7641146333381479,0.0
16379.0,143,0,0.0,0.7004384138933023,0.0
16384.0,251,0,0.0,1.229440852358174,0.0
16385.0,179,0,0.0,0.8767725600482594,0.0
16388.0,264,0,0.0,1.2931170718030196,0.0
16397.0,107,0,0.0,0.5241042677383451,0.0
16416.0,116,0,0.0,0.5681878042770844,0.0
16419.0,153,0,0.0,0.7494201211585682,0.0
16422.0,132,0,0.0,0.6465585359015098,0.0
16431.0,180,0,0.0,0.8816707307747861,0.0
16442.0,120,0,0.0,0.5877804871831906,0.0
16465.0,155,0,0.0,0.7592164626116213,0.0
16471.0,180,0,0.0,0.8816707307747861,0.0
16534.0,179,0,0.0,0.8767725600482594,0.0
16590.0,120,0,0.0,0.5877804871831906,0.0
16591.0,240,0,0.0,1.1755609743663813,0.0
16627.0,192,0,0.0,0.9404487794931051,0.0
16657.0,192,0,0.0,0.9404487794931051,0.0
16661.0,168,0,0.0,0.822892682056467,0.0
16676.0,132,0,0.0,0.6465585359015098,0.0
16701.0,192,0,0.0,0.9404487794931051,0.0
16768.0,191,0,0.0,0.9355506087665786,0.0
16784.0,141,0,0.0,0.6906420724402491,0.0
16818.0,168,0,0.0,0.822892682056467,0.0
16823.0,120,0,0.0,0.5877804871831906,0.0
16863.0,191,0,0.0,0.9355506087665786,0.0
16887.0,156,0,0.0,0.7641146333381479,0.0
16921.0,180,0,0.0,0.8816707307747861,0.0
16994.0,275,0,0.0,1.346996949794812,0.0
17035.0,144,0,0.0,0.7053365846198288,0.0
17042.0,155,0,0.0,0.7592164626116213,0.0
17046.0,117,0,0.0,0.5730859750036109,0.0
17056.0,190,0,0.0,0.9306524380400519,0.0
17071.0,180,0,0.0,0.8816707307747861,0.0
17076.0,168,0,0.0,0.822892682056467,0.0
17093.0,120,0,0.0,0.5877804871831906,0.0
17109.0,180,0,0.0,0.8816707307747861,0.0
17120.0,156,0,0.0,0.7641146333381479,0.0
17124.0,155,0,0.0,0.7592164626116213,0.0
17128.0,168,0,0.0,0.822892682056467,0.0
17149.0,192,0,0.0,0.9404487794931051,0.0
17164.0,132,0,0.0,0.6465585359015098,0.0
17169.0,168,0,0.0,0.822892682056467,0.0
17182.0,132,0,0.0,0.6465585359015098,0.0
17221.0,177,0,0.0,0.8669762185952062,0.0
17225.0,180,0,0.0,0.8816707307747861,0.0
17252.0,192,0,0.0,0.9404487794931051,0.0
17253.0,180,0,0.0,0.8816707307747861,0.0
17257.0,144,0,0.0,0.7053365846198288,0.0
17266.0,192,0,0.0,0.9404487794931051,0.0
17272.0,192,0,0.0,0.9404487794931051,0.0
17273.0,110,0,0.0,0.5387987799179248,0.0
17292.0,108,0,0.0,0.5290024384648716,0.0
17313.0,180,0,0.0,0.8816707307747861,0.0
17335.0,104,0,0.0,0.5094097555587653,0.0
17343.0,108,0,0.0,0.5290024384648716,0.0
17402.0,162,0,0.0,0.7935036576973075,0.0
17412.0,103,0,0.0,0.5045115848322387,0.0
17435.0,180,0,0.0,0.8816707307747861,0.0
17438.0,264,0,0.0,1.2931170718030196,0.0
17439.0,131,0,0.0,0.6416603651749831,0.0
17441.0,263,0,0.0,1.288218901076493,0.0
17443.0,132,0,0.0,0.6465585359015098,0.0
17473.0,180,0,0.0,0.8816707307747861,0.0
17475.0,168,0,0.0,0.822892682056467,0.0
17478.0,132,0,0.0,0.6465585359015098,0.0
17484.0,227,0,0.0,1.1118847549215358,0.0
17546.0,119,0,0.0,0.5828823164566641,0.0
17560.0,106,0,0.0,0.5192060970118184,0.0
17645.0,143,0,0.0,0.7004384138933023,0.0
17647.0,120,0,0.0,0.5877804871831906,0.0
17668.0,178,0,0.0,0.8718743893217329,0.0
17685.0,168,0,0.0,0.822892682056467,0.0
17716.0,168,0,0.0,0.822892682056467,0.0
17740.0,180,0,0.0,0.8816707307747861,0.0
17784.0,148,0,0.0,0.7249292675259352,0.0
17793.0,156,0,0.0,0.7641146333381479,0.0
17804.0,132,0,0.0,0.6465585359015098,0.0
17814.0,144,0,0.0,0.7053365846198288,0.0
17819.0,108,0,0.0,0.5290024384648716,0.0
17829.0,144,0,0.0,0.7053365846198288,0.0
17854.0,179,0,0.0,0.8767725600482594,0.0
17883.0,156,0,0.0,0.7641146333381479,0.0
17891.0,192,0,0.0,0.9404487794931051,0.0
17950.0,240,0,0.0,1.1755609743663813,0.0
17995.0,288,0,0.0,1.4106731692396577,0.0
18020.0,156,0,0.0,0.7641146333381479,0.0
18090.0,108,0,0.0,0.5290024384648716,0.0
18138.0,144,0,0.0,0.7053365846198288,0.0
18147.0,168,0,0.0,0.822892682056467,0.0
18168.0,180,0,0.0,0.8816707307747861,0.0
18206.0,116,0,0.0,0.5681878042770844,0.0
18211.0,156,0,0.0,0.7641146333381479,0.0
18233.0,132,0,0.0,0.6465585359015098,0.0
18245.0,156,0,0.0,0.7641146333381479,0.0
18246.0,132,0,0.0,0.6465585359015098,0.0
18252.0,178,0,0.0,0.8718743893217329,0.0
18295.0,228,0,0.0,1.1167829256480624,0.0
18315.0,188,0,0.0,0.9208560965869987,0.0
18317.0,130,0,0.0,0.6367621944484566,0.0
18319.0,183,0,0.0,0.8963652429543658,0.0
18327.0,144,0,0.0,0.7053365846198288,0.0
18353.0,202,0,0.0,0.989430486758371,0.0
18355.0,156,0,0.0,0.7641146333381479,0.0
18360.0,192,0,0.0,0.9404487794931051,0.0
18390.0,309,0,0.0,1.5135347544967162,0.0
18399.0,168,0,0.0,0.822892682056467,0.0
18428.0,108,0,0.0,0.5290024384648716,0.0
18459.0,132,0,0.0,0.6465585359015098,0.0
18461.0,122,0,0.0,0.5975768286362438,0.0
18495.0,144,0,0.0,0.7053365846198288,0.0
18545.0,264,0,0.0,1.2931170718030196,0.0
18573.0,107,0,0.0,0.5241042677383451,0.0
18592.0,119,0,0.0,0.5828823164566641,0.0
18628.0,192,0,0.0,0.9404487794931051,0.0
18636.0,240,0,0.0,1.1755609743663813,0.0
18675.0,235,0,0.0,1.1510701207337484,0.0
18676.0,144,0,0.0,0.7053365846198288,0.0
18680.0,107,0,0.0,0.5241042677383451,0.0
18695.0,168,0,0.0,0.822892682056467,0.0
18700.0,168,0,0.0,0.822892682056467,0.0
18749.0,180,0,0.0,0.8816707307747861,0.0
18764.0,132,0,0.0,0.6465585359015098,0.0
18767.0,144,0,0.0,0.7053365846198288,0.0
18813.0,192,0,0.0,0.9404487794931051,0.0
18828.0,119,0,0.0,0.5828823164566641,0.0
18999.0,106,0,0.0,0.5192060970118184,0.0
19004.0,204,0,0.0,0.9992268282114242,0.0
19015.0,119,0,0.0,0.5828823164566641,0.0
19061.0,180,0,0.0,0.8816707307747861,0.0
19100.0,230,0,0.0,1.1265792671011154,0.0
19123.0,228,0,0.0,1.1167829256480624,0.0
19166.0,180,0,0.0,0.8816707307747861,0.0
19186.0,144,0,0.0,0.7053365846198288,0.0
19191.0,108,0,0.0,0.5290024384648716,0.0
19200.0,168,0,0.0,0.822892682056467,0.0
19264.0,120,0,0.0,0.5877804871831906,0.0
19303.0,108,0,0.0,0.5290024384648716,0.0
19348.0,213,0,0.0,1.0433103647501636,0.0
19349.0,143,0,0.0,0.7004384138933023,0.0
19370.0,144,0,0.0,0.7053365846198288,0.0
19384.0,100,0,0.0,0.48981707265265895,0.0
19403.0,191,0,0.0,0.9355506087665786,0.0
19429.0,274,0,0.0,1.3420987790682855,0.0
19468.0,168,0,0.0,0.822892682056467,0.0
19473.0,180,0,0.0,0.8816707307747861,0.0
19474.0,168,0,0.0,0.822892682056467,0.0
19499.0,108,0,0.0,0.5290024384648716,0.0
19506.0,144,0,0.0,0.7053365846198288,0.0
19520.0,108,0,0.0,0.5290024384648716,0.0
19538.0,156,0,0.0,0.7641146333381479,0.0
19558.0,180,0,0.0,0.8816707307747861,0.0
19629.0,131,0,0.0,0.6416603651749831,0.0
19639.0,132,0,0.0,0.6465585359015098,0.0
19690.0,132,0,0.0,0.6465585359015098,0.0
19698.0,192,0,0.0,0.9404487794931051,0.0
19712.0,156,0,0.0,0.7641146333381479,0.0
19746.0,147,0,0.0,0.7200310967994086,0.0
19799.0,120,0,0.0,0.5877804871831906,0.0
19828.0,191,0,0.0,0.9355506087665786,0.0
19840.0,109,0,0.0,0.5339006091913983,0.0
19847.0,144,0,0.0,0.7053365846198288,0.0
19931.0,131,0,0.0,0.6416603651749831,0.0
19970.0,178,0,0.0,0.8718743893217329,0.0
20036.0,252,0,0.0,1.2343390230847004,0.0
20065.0,168,0,0.0,0.822892682056467,0.0
20083.0,204,0,0.0,0.9992268282114242,0.0
20092.0,108,0,0.0,0.5290024384648716,0.0
20155.0,156,0,0.0,0.7641146333381479,0.0
20196.0,288,0,0.0,1.4106731692396577,0.0
20209.0,276,0,0.0,1.3518951205213385,0.0
20215.0,264,0,0.0,1.2931170718030196,0.0
20231.0,275,0,0.0,1.346996949794812,0.0
20278.0,144,0,0.0,0.7053365846198288,0.0
20282.0,167,0,0.0,0.8179945113299404,0.0
20301.0,264,0,0.0,1.2931170718030196,0.0
20358.0,141,0,0.0,0.6906420724402491,0.0
20359.0,179,0,0.0,0.8767725600482594,0.0
20368.0,180,0,0.0,0.8816707307747861,0.0
20410.0,108,0,0.0,0.5290024384648716,0.0
20507.0,180,0,0.0,0.8816707307747861,0.0
20539.0,252,0,0.0,1.2343390230847004,0.0
20544.0,131,0,0.0,0.6416603651749831,0.0
20553.0,118,0,0.0,0.5779841457301376,0.0
20562.0,132,0,0.0,0.6465585359015098,0.0
20592.0,108,0,0.0,0.5290024384648716,0.0
20606.0,192,0,0.0,0.9404487794931051,0.0
20614.0,132,0,0.0,0.6465585359015098,0.0
20621.0,179,0,0.0,0.8767725600482594,0.0
20625.0,131,0,0.0,0.6416603651749831,0.0
20633.0,180,0,0.0,0.8816707307747861,0.0
20701.0,192,0,0.0,0.9404487794931051,0.0
20702.0,156,0,0.0,0.7641146333381479,0.0
20712.0,180,0,0.0,0.8816707307747861,0.0
20723.0,168,0,0.0,0.822892682056467,0.0
20728.0,119,0,0.0,0.5828823164566641,0.0
20742.0,108,0,0.0,0.5290024384648716,0.0
20750.0,190,0,0.0,0.9306524380400519,0.0
20760.0,107,0,0.0,0.5241042677383451,0.0
20828.0,192,0,0.0,0.9404487794931051,0.0
20842.0,108,0,0.0,0.5290024384648716,0.0
20849.0,108,0,0.0,0.5290024384648716,0.0
20869.0,168,0,0.0,0.822892682056467,0.0
20872.0,120,0,0.0,0.5877804871831906,0.0
20908.0,191,0,0.0,0.9355506087665786,0.0
20928.0,227,0,0.0,1.1118847549215358,0.0
20945.0,119,0,0.0,0.5828823164566641,0.0
20947.0,108,0,0.0,0.5290024384648716,0.0
20964.0,112,0,0.0,0.548595121370978,0.0
20997.0,204,0,0.0,0.9992268282114242,0.0
21024.0,144,0,0.0,0.7053365846198288,0.0
21033.0,216,0,0.0,1.0580048769297432,0.0
21041.0,118,0,0.0,0.5779841457301376,0.0
21043.0,192,0,0.0,0.9404487794931051,0.0
21056.0,120,0,0.0,0.5877804871831906,0.0
21058.0,143,0,0.0,0.7004384138933023,0.0
21103.0,214,0,0.0,1.0482085354766901,0.0
21105.0,144,0,0.0,0.7053365846198288,0.0
21106.0,143,0,0.0,0.7004384138933023,0.0
21165.0,120,0,0.0,0.5877804871831906,0.0
21198.0,191,0,0.0,0.9355506087665786,0.0
21228.0,192,0,0.0,0.9404487794931051,0.0
21298.0,156,0,0.0,0.7641146333381479,0.0
21307.0,105,0,0.0,0.5143079262852919,0.0
21315.0,132,0,0.0,0.6465585359015098,0.0
21357.0,177,0,0.0,0.8669762185952062,0.0
21371.0,276,0,0.0,1.3518951205213385,0.0
21377.0,180,0,0.0,0.8816707307747861,0.0
21381.0,168,0,0.0,0.822892682056467,0.0
21437.0,168,0,0.0,0.822892682056467,0.0
21446.0,144,0,0.0,0.7053365846198288,0.0
21459.0,104,0,0.0,0.5094097555587653,0.0
21477.0,168,0,0.0,0.822892682056467,0.0
21516.0,276,0,0.0,1.3518951205213385,0.0
21521.0,132,0,0.0,0.6465585359015098,0.0
21597.0,216,0,0.0,1.0580048769297432,0.0
21612.0,117,0,0.0,0.5730859750036109,0.0
21633.0,144,0,0.0,0.7053365846198288,0.0
21643.0,155,0,0.0,0.7592164626116213,0.0
21667.0,109,0,0.0,0.5339006091913983,0.0
21670.0,192,0,0.0,0.9404487794931051,0.0
21677.0,156,0,0.0,0.7641146333381479,0.0
21702.0,108,0,0.0,0.5290024384648716,0.0
21754.0,168,0,0.0,0.822892682056467,0.0
21795.0,191,0,0.0,0.9355506087665786,0.0
21809.0,192,0,0.0,0.9404487794931051,0.0
21860.0,180,0,0.0,0.8816707307747861,0.0
21861.0,132,0,0.0,0.6465585359015098,0.0
21890.0,168,0,0.0,0.822892682056467,0.0
21920.0,180,0,0.0,0.8816707307747861,0.0
21938.0,273,0,0.0,1.337200608341759,0.0
22012.0,180,0,0.0,0.8816707307747861,0.0
22017.0,168,0,0.0,0.822892682056467,0.0
22065.0,195,0,0.0,0.9551432916726849,0.0
22106.0,156,0,0.0,0.7641146333381479,0.0
22134.0,228,0,0.0,1.1167829256480624,0.0
22150.0,179,0,0.0,0.8767725600482594,0.0
22154.0,119,0,0.0,0.5828823164566641,0.0
22158.0,167,0,0.0,0.8179945113299404,0.0
22164.0,178,0,0.0,0.8718743893217329,0.0
22185.0,120,0,0.0,0.5877804871831906,0.0
22209.0,108,0,0.0,0.5290024384648716,0.0
22220.0,131,0,0.0,0.6416603651749831,0.0
22225.0,192,0,0.0,0.9404487794931051,0.0
22258.0,180,0,0.0,0.8816707307747861,0.0
22262.0,180,0,0.0,0.8816707307747861,0.0
22293.0,212,0,0.0,1.0384121940236368,0.0
22294.0,287,0,0.0,1.4057749985131311,0.0
22370.0,129,0,0.0,0.63186402372193,0.0
22378.0,180,0,0.0,0.8816707307747861,0.0
22385.0,192,0,0.0,0.9404487794931051,0.0
22405.0,156,0,0.0,0.7641146333381479,0.0
22416.0,178,0,0.0,0.8718743893217329,0.0
22465.0,132,0,0.0,0.6465585359015098,0.0
22488.0,264,0,0.0,1.2931170718030196,0.0
22491.0,120,0,0.0,0.5877804871831906,0.0
22497.0,155,0,0.0,0.7592164626116213,0.0
22518.0,111,0,0.0,0.5436969506444514,0.0
22577.0,191,0,0.0,0.9355506087665786,0.0
22633.0,168,0,0.0,0.822892682056467,0.0
22684.0,288,0,0.0,1.4106731692396577,0.0
22711.0,107,0,0.0,0.5241042677383451,0.0
22745.0,144,0,0.0,0.7053365846198288,0.0
22790.0,140,0,0.0,0.6857439017137225,0.0
22826.0,184,0,0.0,0.9012634136808924,0.0
22834.0,120,0,0.0,0.5877804871831906,0.0
22875.0,108,0,0.0,0.5290024384648716,0.0
22915.0,178,0,0.0,0.8718743893217329,0.0
22938.0,175,0,0.0,0.8571798771421532,0.0
22959.0,276,0,0.0,1.3518951205213385,0.0
22966.0,168,0,0.0,0.822892682056467,0.0
23006.0,180,0,0.0,0.8816707307747861,0.0
23023.0,131,0,0.0,0.6416603651749831,0.0
23024.0,192,0,0.0,0.9404487794931051,0.0
23086.0,166,0,0.0,0.8130963406034138,0.0
23126.0,132,0,0.0,0.6465585359015098,0.0
23185.0,288,0,0.0,1.4106731692396577,0.0
23201.0,144,0,0.0,0.7053365846198288,0.0
23229.0,276,0,0.0,1.3518951205213385,0.0
23243.0,108,0,0.0,0.5290024384648716,0.0
23255.0,170,0,0.0,0.8326890235095201,0.0
23279.0,180,0,0.0,0.8816707307747861,0.0
23316.0,191,0,0.0,0.9355506087665786,0.0
23341.0,143,0,0.0,0.7004384138933023,0.0
23379.0,192,0,0.0,0.9404487794931051,0.0
23381.0,288,0,0.0,1.4106731692396577,0.0
23406.0,215,0,0.0,1.0531067062032167,0.0
23408.0,144,0,0.0,0.7053365846198288,0.0
23425.0,166,0,0.0,0.8130963406034138,0.0
23451.0,105,0,0.0,0.5143079262852919,0.0
23477.0,191,0,0.0,0.9355506087665786,0.0
23489.0,227,0,0.0,1.1118847549215358,0.0
23513.0,156,0,0.0,0.7641146333381479,0.0
23530.0,288,0,0.0,1.4106731692396577,0.0
23551.0,288,0,0.0,1.4106731692396577,0.0
23556.0,192,0,0.0,0.9404487794931051,0.0
23560.0,287,0,0.0,1.4057749985131311,0.0
23568.0,144,0,0.0,0.7053365846198288,0.0
23580.0,191,0,0.0,0.9355506087665786,0.0
23619.0,132,0,0.0,0.6465585359015098,0.0
23655.0,178,0,0.0,0.8718743893217329,0.0
23678.0,143,0,0.0,0.7004384138933023,0.0
23686.0,179,0,0.0,0.8767725600482594,0.0
23691.0,168,0,0.0,0.822892682056467,0.0
23720.0,144,0,0.0,0.7053365846198288,0.0
23731.0,149,0,0.0,0.7298274382524618,0.0
23740.0,118,0,0.0,0.5779841457301376,0.0
23760.0,274,0,0.0,1.3420987790682855,0.0
23795.0,142,0,0.0,0.6955402431667757,0.0
23803.0,144,0,0.0,0.7053365846198288,0.0
23813.0,180,0,0.0,0.8816707307747861,0.0
23814.0,192,0,0.0,0.9404487794931051,0.0
23911.0,132,0,0.0,0.6465585359015098,0.0
23929.0,276,0,0.0,1.3518951205213385,0.0
23977.0,168,0,0.0,0.822892682056467,0.0
23980.0,180,0,0.0,0.8816707307747861,0.0
24003.0,132,0,0.0,0.6465585359015098,0.0
24008.0,144,0,0.0,0.7053365846198288,0.0
24022.0,167,0,0.0,0.8179945113299404,0.0
24024.0,179,0,0.0,0.8767725600482594,0.0
24056.0,192,0,0.0,0.9404487794931051,0.0
24087.0,155,0,0.0,0.7592164626116213,0.0
24088.0,140,0,0.0,0.6857439017137225,0.0
24106.0,156,0,0.0,0.7641146333381479,0.0
24115.0,132,0,0.0,0.6465585359015098,0.0
24142.0,104,0,0.0,0.5094097555587653,0.0
24153.0,144,0,0.0,0.7053365846198288,0.0
24188.0,168,0,0.0,0.822892682056467,0.0
24210.0,191,0,0.0,0.9355506087665786,0.0
24236.0,143,0,0.0,0.7004384138933023,0.0
24256.0,120,0,0.0,0.5877804871831906,0.0
24339.0,169,0,0.0,0.8277908527829936,0.0
24343.0,178,0,0.0,0.8718743893217329,0.0
24361.0,180,0,0.0,0.8816707307747861,0.0
24371.0,168,0,0.0,0.822892682056467,0.0
24382.0,144,0,0.0,0.7053365846198288,0.0
24403.0,168,0,0.0,0.822892682056467,0.0
24418.0,121,0,0.0,0.5926786579097173,0.0
24435.0,156,0,0.0,0.7641146333381479,0.0
24448.0,120,0,0.0,0.5877804871831906,0.0
24502.0,156,0,0.0,0.7641146333381479,0.0
24543.0,107,0,0.0,0.5241042677383451,0.0
24558.0,192,0,0.0,0.9404487794931051,0.0
24560.0,120,0,0.0,0.5877804871831906,0.0
24562.0,167,0,0.0,0.8179945113299404,0.0
24571.0,108,0,0.0,0.5290024384648716,0.0
24574.0,168,0,0.0,0.822892682056467,0.0
24586.0,120,0,0.0,0.5877804871831906,0.0
24619.0,165,0,0.0,0.8081981698768872,0.0
24637.0,132,0,0.0,0.6465585359015098,0.0
24646.0,120,0,0.0,0.5877804871831906,0.0
24664.0,168,0,0.0,0.822892682056467,0.0
24681.0,250,0,0.0,1.2245426816316474,0.0
24684.0,168,0,0.0,0.822892682056467,0.0
24741.0,322,0,0.0,1.5772109739415616,0.0
24768.0,180,0,0.0,0.8816707307747861,0.0
24785.0,287,0,0.0,1.4057749985131311,0.0
24805.0,180,0,0.0,0.8816707307747861,0.0
24911.0,167,0,0.0,0.8179945113299404,0.0
24918.0,144,0,0.0,0.7053365846198288,0.0
24921.0,180,0,0.0,0.8816707307747861,0.0
24929.0,108,0,0.0,0.5290024384648716,0.0
24932.0,189,0,0.0,0.9257542673135254,0.0
24937.0,144,0,0.0,0.7053365846198288,0.0
24966.0,276,0,0.0,1.3518951205213385,0.0
24975.0,167,0,0.0,0.8179945113299404,0.0
24994.0,189,0,0.0,0.9257542673135254,0.0
25068.0,288,0,0.0,1.4106731692396577,0.0
25107.0,168,0,0.0,0.822892682056467,0.0
25114.0,149,0,0.0,0.7298274382524618,0.0
25122.0,132,0,0.0,0.6465585359015098,0.0
25181.0,144,0,0.0,0.7053365846198288,0.0
25216.0,168,0,0.0,0.822892682056467,0.0
25230.0,108,0,0.0,0.5290024384648716,0.0
25241.0,155,0,0.0,0.7592164626116213,0.0
25243.0,108,0,0.0,0.5290024384648716,0.0
25293.0,167,0,0.0,0.8179945113299404,0.0
25296.0,168,0,0.0,0.822892682056467,0.0
25338.0,168,0,0.0,0.822892682056467,0.0
25357.0,132,0,0.0,0.6465585359015098,0.0
25379.0,120,0,0.0,0.5877804871831906,0.0
25419.0,132,0,0.0,0.6465585359015098,0.0
25490.0,108,0,0.0,0.5290024384648716,0.0
25506.0,108,0,0.0,0.5290024384648716,0.0
25509.0,131,0,0.0,0.6416603651749831,0.0
25516.0,168,0,0.0,0.822892682056467,0.0
25544.0,179,0,0.0,0.8767725600482594,0.0
25582.0,275,0,0.0,1.346996949794812,0.0
25618.0,132,0,0.0,0.6465585359015098,0.0
25634.0,144,0,0.0,0.7053365846198288,0.0
25638.0,180,0,0.0,0.8816707307747861,0.0
25650.0,120,0,0.0,0.5877804871831906,0.0
25660.0,144,0,0.0,0.7053365846198288,0.0
25715.0,104,0,0.0,0.5094097555587653,0.0
25745.0,108,0,0.0,0.5290024384648716,0.0
25750.0,155,0,0.0,0.7592164626116213,0.0
25762.0,180,0,0.0,0.8816707307747861,0.0
25800.0,107,0,0.0,0.5241042677383451,0.0
25801.0,132,0,0.0,0.6465585359015098,0.0
25805.0,168,0,0.0,0.822892682056467,0.0
25813.0,108,0,0.0,0.5290024384648716,0.0
25916.0,108,0,0.0,0.5290024384648716,0.0
25928.0,179,0,0.0,0.8767725600482594,0.0
25949.0,180,0,0.0,0.8816707307747861,0.0
25960.0,156,0,0.0,0.7641146333381479,0.0
25967.0,132,0,0.0,0.6465585359015098,0.0
25991.0,164,0,0.0,0.8032999991503607,0.0
25994.0,107,0,0.0,0.5241042677383451,0.0
26004.0,180,0,0.0,0.8816707307747861,0.0
26007.0,156,0,0.0,0.7641146333381479,0.0
26019.0,180,0,0.0,0.8816707307747861,0.0
26028.0,156,0,0.0,0.7641146333381479,0.0
26054.0,120,0,0.0,0.5877804871831906,0.0
26113.0,167,0,0.0,0.8179945113299404,0.0
26165.0,191,0,0.0,0.9355506087665786,0.0
26189.0,108,0,0.0,0.5290024384648716,0.0
26232.0,144,0,0.0,0.7053365846198288,0.0
26265.0,180,0,0.0,0.8816707307747861,0.0
26278.0,180,0,0.0,0.8816707307747861,0.0
26351.0,168,0,0.0,0.822892682056467,0.0
26396.0,107,0,0.0,0.5241042677383451,0.0
26465.0,168,0,0.0,0.822892682056467,0.0
26473.0,180,0,0.0,0.8816707307747861,0.0
26575.0,155,0,0.0,0.7592164626116213,0.0
26613.0,107,0,0.0,0.5241042677383451,0.0
26668.0,155,0,0.0,0.7592164626116213,0.0
26678.0,132,0,0.0,0.6465585359015098,0.0
26684.0,118,0,0.0,0.5779841457301376,0.0
26699.0,192,0,0.0,0.9404487794931051,0.0
26703.0,156,0,0.0,0.7641146333381479,0.0
26704.0,131,0,0.0,0.6416603651749831,0.0
26718.0,129,0,0.0,0.63186402372193,0.0
26721.0,274,0,0.0,1.3420987790682855,0.0
26737.0,105,0,0.0,0.5143079262852919,0.0
26756.0,114,0,0.0,0.5583914628240312,0.0
26761.0,132,0,0.0,0.6465585359015098,0.0
26771.0,168,0,0.0,0.822892682056467,0.0
26797.0,240,0,0.0,1.1755609743663813,0.0
26811.0,159,0,0.0,0.7788091455177277,0.0
26827.0,156,0,0.0,0.7641146333381479,0.0
26875.0,264,0,0.0,1.2931170718030196,0.0
26917.0,168,0,0.0,0.822892682056467,0.0
26970.0,123,0,0.0,0.6024749993627705,0.0
26997.0,167,0,0.0,0.8179945113299404,0.0
27024.0,168,0,0.0,0.822892682056467,0.0
27041.0,156,0,0.0,0.7641146333381479,0.0
27050.0,108,0,0.0,0.5290024384648716,0.0
27060.0,128,0,0.0,0.6269658529954034,0.0
27096.0,191,0,0.0,0.9355506087665786,0.0
27103.0,132,0,0.0,0.6465585359015098,0.0
27112.0,144,0,0.0,0.7053365846198288,0.0
27125.0,156,0,0.0,0.7641146333381479,0.0
27188.0,156,0,0.0,0.7641146333381479,0.0
27201.0,144,0,0.0,0.7053365846198288,0.0
27203.0,168,0,0.0,0.822892682056467,0.0
27224.0,143,0,0.0,0.7004384138933023,0.0
27246.0,180,0,0.0,0.8816707307747861,0.0
27251.0,168,0,0.0,0.822892682056467,0.0
27253.0,180,0,0.0,0.8816707307747861,0.0
27297.0,180,0,0.0,0.8816707307747861,0.0
27318.0,216,0,0.0,1.0580048769297432,0.0
27362.0,104,0,0.0,0.5094097555587653,0.0
27390.0,177,0,0.0,0.8669762185952062,0.0
27391.0,144,0,0.0,0.7053365846198288,0.0
27403.0,192,0,0.0,0.9404487794931051,0.0
27410.0,168,0,0.0,0.822892682056467,0.0
27482.0,156,0,0.0,0.7641146333381479,0.0
27494.0,180,0,0.0,0.8816707307747861,0.0
27500.0,275,0,0.0,1.346996949794812,0.0
27519.0,180,0,0.0,0.8816707307747861,0.0
27572.0,114,0,0.0,0.5583914628240312,0.0
27591.0,167,0,0.0,0.8179945113299404,0.0
27633.0,188,0,0.0,0.9208560965869987,0.0
27640.0,100,0,0.0,0.48981707265265895,0.0
27642.0,170,0,0.0,0.8326890235095201,0.0
27647.0,192,0,0.0,0.9404487794931051,0.0
27668.0,144,0,0.0,0.7053365846198288,0.0
27704.0,180,0,0.0,0.8816707307747861,0.0
27717.0,288,0,0.0,1.4106731692396577,0.0
27730.0,132,0,0.0,0.6465585359015098,0.0
27732.0,180,0,0.0,0.8816707307747861,0.0
27742.0,108,0,0.0,0.5290024384648716,0.0
27747.0,120,0,0.0,0.5877804871831906,0.0
27783.0,168,0,0.0,0.822892682056467,0.0
27827.0,240,0,0.0,1.1755609743663813,0.0
27863.0,130,0,0.0,0.6367621944484566,0.0
27889.0,132,0,0.0,0.6465585359015098,0.0
27919.0,132,0,0.0,0.6465585359015098,0.0
27990.0,132,0,0.0,0.6465585359015098,0.0
27995.0,120,0,0.0,0.5877804871831906,0.0
28143.0,132,0,0.0,0.6465585359015098,0.0
28167.0,144,0,0.0,0.7053365846198288,0.0
28194.0,156,0,0.0,0.7641146333381479,0.0
28195.0,143,0,0.0,0.7004384138933023,0.0
28209.0,276,0,0.0,1.3518951205213385,0.0
28237.0,168,0,0.0,0.822892682056467,0.0
28321.0,108,0,0.0,0.5290024384648716,0.0
28336.0,180,0,0.0,0.8816707307747861,0.0
28379.0,147,0,0.0,0.7200310967994086,0.0
28397.0,192,0,0.0,0.9404487794931051,0.0
28407.0,125,0,0.0,0.6122713408158237,0.0
28426.0,192,0,0.0,0.9404487794931051,0.0
28427.0,120,0,0.0,0.5877804871831906,0.0
28501.0,144,0,0.0,0.7053365846198288,0.0
28526.0,252,0,0.0,1.2343390230847004,0.0
28540.0,104,0,0.0,0.5094097555587653,0.0
28561.0,156,0,0.0,0.7641146333381479,0.0
28563.0,158,0,0.0,0.7739109747912011,0.0
